Unnamed: 0,Report Number,NTSB Title,Accident Date,Report Date,City,State,Latitude,Longitude
0,ASR-20-06,Provide Inspectors with Automatic Notification of Flight Instructors with Substandard Student Pass Rates​,6/21/2019,12/16/2020,Mokuleia,HI,21.577131,-158.1496203
1,ASR-20-05,F&M Enterprises and Stratus Oil Filter Adapter Assembly Oil Leaks,11/30/2020,11/30/2020,Multiple,Multiple,5.5666821,-73.3390073
2,AAR-20-02,"Rapid Descent and Crash into Water Atlas Air Inc. Flight 3591 Boeing 767-375BCF, N1217A",2/23/2019,7/14/2020,Trinity Bay,TX,29.6824477,-94.7918655
3,ASR-20-04,"Install Flight Data, Audio, and Image Recorder Systems on all Turbine-Powered Helicopters",7/1/2017,5/19/2020,Multiple,Multiple,5.5666821,-73.3390073
4,AAR-20-01,"Helicopter Air Ambulance Collision with Terrain Survival Flight Inc. Bell 407 Helicopter, N191SF",1/29/2019,5/19/2020,Zaleski,OH,39.282293,-82.3948759
6,ASR-20-01,Reported Flight Control System Difficulty on Embraer EMB-175,11/6/2019,1/16/2020,Atlanta,GA,33.7489924,-84.3902644
7,AAR-19-04,"Inadvertent Activation of the Fuel Shutoff Lever and Subsequent Ditching Liberty Helicopters Inc., Operating a FlyNYON Doors-Off Flight Airbus Helicopters AS350 B2, N350LH",3/11/2018,12/10/2019,New York,NY,40.7127281,-74.0060152
8,AAR-19-03,"Left Engine Failure and Subsequent Depressurization Southwest Airlines Flight 1380 Boeing 737-7H4, N772SW",4/17/2018,11/19/2019,Philadelphia,PA,39.9527237,-75.1635262
10,AAR-19-02,"Departure From Controlled Flight Trans-Pacific Air Charter, LLC Learjet 35A, N452DA Teterboro, New Jersey May 15, 2017",5/15/2017,3/12/2019,Teterboro,NJ,40.857483,-74.0600362
11,AAR-19-01,"Runway Overrun During Rejected Takeoff Ameristar Air Cargo, Inc., dba Ameristar Charters, flight 9363 Boeing MD-83, N786TW Ypsilanti, Michigan, March 8, 2017",5/8/2017,2/14/2019,Ypsilanti,MI,42.2410562,-83.613055
13,AIR1801,"Taxiway Overflight Air Canada Flight 759 Airbus A320-211, C-FKCK, San Francisco, California July 7, 2017",7/7/2017,9/25/2018,San Francisco,CA,37.7790262,-122.4199061
14,ASR1803,Safety Recommendation Report: Guidance on the Issuance of Turbulence Products and Training for Low-Level Turbulence Identification and Forecasting for National Weather Service Forecasters,4/28/2017,8/2/2018,Amarillo,TX,35.2072185,-101.8338246
15,AAR1802,"Collision with Terrain Hageland Aviation Services, Inc. dba Ravn Connect Flight 3153 Cessna 208B, N208SD",10/2/2016,4/17/2018,Togiak,AK,59.0619444,-160.3763889
16,ASR-18-02,Additional Harness Systems that Allow for Rapid Egress,3/11/2018,3/19/2018,Flushing,NY,40.7654301,-73.8174291
17,AAR1801,"​Uncontained Engine Failure and Subsequent Fire American Airlines Flight 383 Boeing 767-323, N345AN",10/28/2016,1/30/2018,Chicago,IL,41.8755616,-87.6244212
18,ASR-18-01,Use of Recording Devices During Experimental Flight Test Activities,7/6/2016,1/9/2018,Italy,TX,32.1840381,-96.8847194
19,AAR1703,"Impact with Power Lines Heart of Texas Hot Air Balloon Rides Balóny Kubíček BB85Z, N2469L",7/30/2016,10/17/2017,Lockhart,TX,29.8832105,-97.6736292
20,ASR-17-04,Spool Bearing Failures in Rolls-Royce 250-Series Engines,5/4/2017,6/5/2017,Reedsville,WI,44.1528849,-87.9489957
21,AAR1702,"Collision with Terrain Promech Air, Inc. de Havilland DHC-3, N270PA, Ketchikan, Alaska, June 25, 2015",6/25/2015,4/25/2017,Ketchikan,AK,55.3430696,-131.6466819
22,AAR1701,"​Aircraft Accident Report: Loss of Control at Takeoff Air Methods Corporation Airbus Helicopters AS350 B3e, N390LG",7/3/2015,3/28/2017,Frisco,CO,33.1506744,-96.8236116
24,ASR1702,​Safety Recommendation Report: Uncommanded Nosewheel Steering Anomalies During Landing in Embraer EMB-145 Regional Jets,6/7/2013,2/1/2017,Multiple,Multiple,5.5666821,-73.3390073
25,ASR1701,​Safety Recommendation Report: Unsafe Wiring Conditions in Piper Model PA-31T-Series Airplane Floor-Mounted Circuit Breaker Panels,7/29/2016,1/5/2017,McKinleyville,CA,40.966005,-124.1027898
29,AAR1603,"Crash During Nonprecision Instrument Approach to Landing Execuflight Flight 1526 British Aerospace HS 125-700A, N237WR",11/10/2015,10/18/2016,Akron,OH,41.083064,-81.518485
30,AAR1602,"Runway Excursion During Landing Delta Air Lines Flight 1086 Boeing MD-88, N909DL, New York, New York March 5, 2015",3/5/2015,9/13/2016,New York,NY,40.7127281,-74.0060152
32,ASR-16-03,Safety Recommendation Report: Improving Pilot and Aviation Medical Examiner Knowledge of Cataract Hazards,12/26/2013,7/11/2016,Fresno,CA,36.7295295,-119.7088613
33,AAR-16-01,"Aerodynamic Stall and Loss of Control During Approach, Embraer EMB-500, N100EQ",12/8/2014,6/7/2016,Gaithersburg,MD,39.1434406,-77.2013705
35,ASR-16-01,"Safety Recommendation Report: Preventing Windshield Arcing, Smoke, and Fire on Bombardier DHC-8 Airplanes",6/5/2015,3/11/2016,Windsor Locks,CT,41.9281305,-72.643631
37,AAR-15-03,"Runway Overrun During Rejected Takeoff, Gulfstream Aerospace Corporation G-IV, N121JM",5/31/2014,9/9/2015,Bedford,MA,42.4917301,-71.2817947
38,AAR1502,"In-Flight Breakup During Test Flight Scaled Composites SpaceShipTwo, N339SS Near Koehn Dry Lake, California October 31, 2014",10/31/2014,7/28/2015,Near Koehn Dry Lake,CA,37.457994,-119.823261
40,AIR-14-01,"​Auxiliary Power Unit Battery Fire Japan Airlines Boeing 787-8, JA829J",1/7/2013,11/21/2014,Boston,MA,42.3602534,-71.0582912
41,AAR-14-04,"Crash Following In-Flight Fire Fresh Air, Inc. Convair CV-440-38, N153JR",3/15/2012,11/17/2014,San Juan,PR,-25.4206759,-49.2687429
42,AAR-14-03,"​Crash Following Encounter with Instrument Meteorological Conditions After Departure from Remote Landing Site Alaska Department of Public Safety Eurocopter AS350 B3, N911AA",3/30/2013,11/5/2014,Talkeetna,AK,62.267644,-150.0295288
43,AAR1402,"​Crash During a Nighttime Nonprecision Instrument Approach to Landing, UPS Flight 1354",8/14/2013,9/9/2014,Birmingham,AL,33.5206824,-86.8024326
44,AAR1401,"​Descent Below Visual Glidepath and Impact With Seawall, Asiana Airlines Flight 214",7/6/2013,6/24/2014,San Francisco,CA,37.7790262,-122.4199061
45,AAB-13-02,"Rapid Decompression Due to Fuselage Rupture, Southwest Airlines Flight 812",4/1/2011,9/24/2013,Yuma,AZ,32.665135,-114.4760316
46,AAR-13-02,"Crash Following Loss of Engine Power Due to Fuel Exhaustion, Air Methods Corporation Eurocopter AS350 B2, N352LN",8/26/2011,4/9/2013,Mosby,MO,39.315559,-94.2938356
47,AAR-13-01,"Loss of Control Sundance Helicopters, Inc. Eurocopter AS350-B2, N37SH",12/7/2011,1/29/2013,Las Vegas,NV,36.1672559,-115.1485163
48,AAB-13-01,​Omega Aerial Refueling Services flight crashed on takeoff from runway 21,5/18/2011,1/2/2013,Point Mugu Naval Air Station,CA,33.545034,-116.018731
49,AAR-12-02,"Crash During Experimental Test Flight, Gulfstream Aerospace Corporation GVI (G650), N652GD",4/2/2011,10/10/2012,Roswell,NM,33.3943282,-104.5229518
50,AAB-12-01,"Pilot/Race 177, The Galloping Ghost, North American P-51D, N79111",9/16/2011,8/27/2012,Reno,NV,39.5261206,-119.8126581
51,AAR-12-01,"Runway Overrun of American Airlines Flight 2253, Boeing 757-200, N668AA",12/29/2010,6/18/2012,Jackson Hole,WY,43.684017,-110.4436629
52,AAR-11-05,"Loss of Control While Maneuvering Pilatus PC-12/45, N128CM",3/22/2009,7/12/2011,Butte,MT,39.6519275,-121.5858444
53,AAR-11-03,"Collision into Mountainous Terrain, GCI Communication Corp. de Havilland DHC-3T, N455A",8/9/2010,5/24/2011,Aleknagik,AK,59.2730556,-158.6177778
54,AAR-11-04,"Crash After Encounter with Instrument Meteorological Conditions During Takeoff from Remote Landing Site New Mexico State Police Agusta S.p.A. A-109E, N606SP",6/9/2009,5/24/2011,Sante Fe,NM,35.6590515,-105.9907797
55,AAR-11-02,"Crash During Approach to Landing Empire Airlines Flight 8284 Avions de Transport Regional Aerospatiale Alenia ATR 42-320, N902FX",1/27/2009,4/26/2011,Lubbock,TX,33.5635206,-101.879336
56,AAR-11-01,"Crash During Attempted Go-Around After Landing East Coast Jets Flight 81 Hawker Beechcraft Corporation 125-800A, N818MV",7/31/2008,3/15/2011,Owatonna,MN,44.0839937,-93.2261076
57,AAR-10-06,"Crash During Takeoff of Carson Helicopters, Inc. Firefighting Helicopter Under Contract to the U.S. Forest Service, Sikorsky S-61N, N612AZ",6/5/2008,12/7/2010,Weaverville,CA,40.756494,-122.9366463
58,AAR-10-05,"Midair Collision Over Hudson River, Piper PA-32R-300, N71MC, and Eurocopter AS350BA, N401LH",8/8/2009,9/14/2010,Hoboken,NJ,40.7433066,-74.0323752
59,AAR-10-04,"Runway Side Excursion During Attempted Takeoff in Strong and Gusty Crosswind Conditions Continental Airlines Flight 1404, Boeing 737-500, NN18611",12/20/2008,7/13/2010,Denver,CO,5.3428475,-72.3959849
60,AAR-10-03,"Loss of Thrust in Both Engines, US Airways Flight 1549 Airbus Industrie A320-214, N106US",1/15/2009,5/4/2010,Weehawken,NJ,40.7695457,-74.0204177
61,AAR-10-02,"Runway Overrun During Rejected Takeoff, Global Exec Aviation, Bombardier Learjet 60, N999LJ",10/19/2008,4/6/2010,Columbia,SC,34.0007493,-81.0343313
62,AAR-10-01,"Loss of Control on Approach, Colgan Air, Inc., Operating as Continental Connection Flight 3407, Bombardier DHC 8 400, N200WQ",2/12/2009,2/2/2010,Clarence Center,NY,43.0081106,-78.6322129
63,AAR-09-07,"Crash During Approach to Landing of Maryland State Police Aerospatiale SA365N1, N92MD",9/27/2008,10/27/2009,District Heights,MD,38.8576128,-76.8894171
64,AAR-09-06,"Loss of Control and Impact with Water, Marlin Air Cessna Citation 550, N550BP",6/4/2007,10/14/2009,Milwaukee,WI,43.0349931,-87.922497
65,AAR-09-05,"Crash of Cessna 500, N113SH, Following an In-Flight Collision with Large Birds",3/4/2008,7/28/2009,Oklahoma City,OK,35.4729886,-97.5170536
66,AAR-09-04,"Ground Fire Aboard Cargo Airplane, ABX Air Flight 1611, Boeing 767-200, N799AX",6/28/2008,6/30/2009,San Francisco,CA,37.7790262,-122.4199061
67,AAR-09-03,"In-Flight Left Engine Fire, American Airlines Flight 1400, McDonnell Douglas DC-9-82",9/28/2007,4/7/2009,St. Louis,MO,38.6529545,-90.2411166
68,AAR-09-01,"In flight Fire, Emergency Descent and Crash in a Residential Area Cessna 310R, N501N",7/10/2007,1/28/2009,Sanford,FL,28.8117297,-81.2680345
69,AAR-09-02,"Midair Collision of Electronic News Gathering Helicopters KTVK-TV, Eurocopter AS350B2, N613TV, and U.S. Helicopters, Inc., Eurocopter AS350B2, N215TV",7/27/2007,1/28/2009,Phoenix,AZ,33.4484367,-112.0741417
70,AAR-08-03,"Crash of Skydive Quantum Leap de Havilland DHC-6-100, N203E",7/29/2006,9/16/2008,Sullivan,MO,40.1993002,-93.1140993
71,AAR-08-02,"Runway Overrun During Landing Pinnacle Airlines Flight 4712 Bombardier/Canadair Regional Jet CL600-2B19, N8905F",4/12/2007,6/10/2008,Traverse City,MI,44.7606441,-85.6165301
72,AAR-08-01,"Runway Overrun During Landing Shuttle America, Inc. Doing Business as Delta Connection Flight 6448 Embraer ERJ-170, N862RW",2/18/2007,4/15/2008,Cleveland,OH,41.5051613,-81.6934446
73,AAB-07-04,"Crash into Potomac River, LifeNet, Inc., Eurocopter EC-135 P2, N136LN",1/10/2005,12/14/2007,Oxon Hill,MD,38.8035961,-76.9896573
74,AAR-07-07,"In-Flight Cargo Fire, United Parcel Service Company Flight 1307, McDonnell Douglas DC-8-71F, N748UP",2/7/2006,12/4/2007,Philadelphia,PA,39.9527237,-75.1635262
76,AAR-07-06,"Runway Overrun and Collision Southwest Airlines Flight 1248 Boeing 737-74H, N471WN",12/8/2005,10/2/2007,Chicago,IL,41.8755616,-87.6244212
77,AAR-07-05,"Attempted Takeoff From Wrong Runway Comair Flight 5191 Bombardier CL-600-2B19, N431CA",8/27/2006,7/26/2007,Lexington,KY,38.0464066,-84.4970393
78,AAR-07-04,"In-flight Separation of Right Wing Flying Boat, Inc., doing business as Chalk's Ocean Airways Flight 101 Grumman Turbo Mallard G-73T, N2969",12/19/2005,5/30/2007,Port of Miami,FL,25.7735142,-80.1691962
79,AAB-07-02,"Crash During Turn Maneuver, Cirrus SR-20, N929CD",10/11/2006,5/1/2007,New York City,NY,40.7127281,-74.0060152
80,AAB-07-01,"Weather Encounter and Subsequent Crash into the Pacific Ocean, Heli-USA Airways, Inc., Aerospatiale AS350BA, N355NT",9/23/2005,3/5/2007,Haena,HI,22.222372,-159.548368
81,AAR-07-03,"Weather Encounter and Subsequent Collision into Terrain, Bali Hai Helicopter Tours, Inc., Bell 206B, N16849",9/24/2004,2/13/2007,Kalaheo,HI,21.9185255,-159.5206963
82,AAR-07-02,"Crash During Approach to Landing, Circuit City Stores, Inc., Cessna Citation 560, N500AT",2/16/2005,1/23/2007,Pueblo,CO,10.961033,-74.8405355
83,AAR-07-01,"Crash of Pinnacle Airlines Flight 3701, Bombardier CL-600-2B19, N8396A",10/14/2004,1/9/2007,Jefferson City,MO,38.577359,-92.1724265
85,AAB-06-06,"Crash During Approach to Landing, Business Jet Services Ltd., Gulfstream G-1159A (G-III), N85VT",11/22/2004,11/2/2006,Houston,TX,29.7589382,-95.3676974
86,AAR-06-04,"Runway Overrun and Collision, Platinum Jet Management, LLC, Bombardier Challenger CL-600-1A11, N370V",2/2/2005,10/31/2006,Teterboro,NJ,40.857483,-74.0600362
87,AAB-06-04,"Departure From Controlled Flight, Learjet 24B, N600XJ",12/23/2003,5/23/2006,Helendale,CA,34.7438754,-117.324492
88,AAB-06-05,"Controlled Flight Into Terrain, Learjet 35A, N30DK",10/24/2004,5/23/2006,San Diego,CA,32.7174202,-117.1627728
89,AAB-06-03,"Crash During Takeoff in Icing Conditions, Canadair, Ltd., CL-600-2A12, N873G",11/28/2004,5/2/2006,Montrose,CO,38.4375391,-108.2403855
90,AAR-06-03,"Crash During Approach to Landing, Air Tahoma, Inc., Flight 185, Convair 580, N586P",8/13/2004,5/2/2006,Covington,KY,39.0836224,-84.508371
91,AAB-06-01,"Controlled Flight Into Terrain, Beech King Air 200, N501RH",10/24/2004,2/7/2006,Stuart,VA,-36.8432042,174.7606833
92,AAR-06-01,"Collision with Trees and Crash Short of Runway, Corporate Airlines Flight 5966, British Aerospace BAE-J3201, N875JX",10/19/2004,1/24/2006,Kirksville,MO,40.1948848,-92.5833939
93,AAR-05-02,"Crash During Landing, Executive Airlines Flight 5401, Avions de Transport Regional 72-212, N438AT",5/9/2004,9/7/2005,San Juan,PR,-25.4206759,-49.2687429
94,AAR-05-01,"Hard Landing, Gear Collapse Federal Express Flight 647, Boeing MD-10-10F, N364FE",12/18/2003,5/17/2005,Memphis,TN,35.1490215,-90.0516285
95,AAR-04-04,"In-Flight Separation of Vertical Stabilizer American Airlines Flight 587, Airbus Industrie A300-605R, N14053",11/12/2001,10/26/2004,Belle Harbor,NY,40.577552,-73.8485768
97,AAR-04-02,"Collision With Trees on Final Approach Federal Express Flight 1478, Boeing 727-232",7/26/2002,6/8/2004,Tallahassee,FL,30.4380832,-84.2809332
98,AAB-04-02,"Uncontrolled Descent and Impact with Terrain, Eurocopter AS350-B2 Helicopter, N169PA",8/10/2001,6/3/2004,Meadview,AZ,36.0022091,-114.0682936
99,AAB-04-01,"Loss of Control and Impact with Terrain, Canadair Challenger CL-604 Flight Test Airplane, C-FTBZ",10/10/2000,4/14/2004,Wichita,KS,37.6922361,-97.3375448
100,AAR-04-01,"Loss of Pitch Control During Takeoff Air Midwest Flight 5481, Raytheon (Beechcraft) 1900D, N233YV",1/8/2003,2/26/2004,Charlotte,NC,35.2272086,-80.8430827
101,AAR-03-03,"Loss of Control and Impact With Terrain Aviation Charter, Inc., Raytheon (Beechcraft) King Air A100, N41BE",10/25/2002,11/18/2003,Eveleth,MN,47.462761,-92.538824
102,AAR0302,"Loss of Pitch Control on Takeoff Emery Worldwide Airlines, Flight 17 McDonnell Douglas DC-8-71F, N8079U Rancho Cordova, California February 16, 2000",2/16/2000,8/5/2003,Rancho Cordova,CA,38.5890723,-121.302728
103,AAR-03-01,"In-Flight Electrical System Failure and Loss of Control, Jet Express Services, Raytheon (Beechcraft) Super King Air 200, N81PF",1/27/2001,1/15/2003,Near Strasburg,CO,48.584614,7.7507127
105,AAB-02-06,"Schempp-Hirth Nimbus-4DM, N807BB",7/13/1999,9/27/2002,Minden,NV,38.9542487,-119.7656174
106,AAB-02-05,"Executive Airlines, British Aerospace J-3101, N16EJ",4/21/2000,8/26/2002,Bear Creek Township,PA,40.825634,-75.7771649
107,AAB-02-04,"Southwest Airlines Flight 1455, Boeing 737-300, N668SW",3/5/2000,6/26/2002,Burbank,CA,34.1816482,-118.3258554
108,AAB-02-03,"Gulfstream III, N303GA",3/29/2001,6/11/2002,Aspen,CO,39.1911128,-106.8235606
109,AAB-02-02,"Cessna 335, N8354N",10/16/2000,6/5/2002,Hillsboro,MO,38.2322766,-90.5629034
110,AAB-02-01,"EgyptAir Flight 990 Boeing 767-366ER, SU-GAP",10/31/1999,3/13/2002,Nantucket,MA,41.3157314,-70.0090141
111,AAR-01-02,"Runway Overrun During Landing, American Airlines Flight 1420, McDonnell Douglas MD-82",6/1/1999,10/23/2001,Little Rock,AR,34.7464809,-92.2895948
112,AAB-01-02,Collision with Terrain of Big Island Air flight 58,10/25/1999,9/26/2001,Volcano,HI,19.6844554,-155.0697306
113,AAB-01-01,Ground Impact of American Airlines 1340,2/9/1998,5/14/2001,Chicago,IL,41.8755616,-87.6244212
114,AAR-01-01,"Uncontrolled Descent and Collision with Terrain, United Airlines Flight 585, Boeing 737-200, N999UA, 4 Miles South of Colorado Springs Municipal Airport",3/3/1991,3/27/2001,Colorado Springs,CO,38.8339578,-104.8253485
115,AAB-00-01,"Crash of Sunjet Aviation, Learjet Model 35, N47BA",10/25/1999,11/28/2000,Aberdeen,SD,45.4649805,-98.487813
116,AAR-00-03,"In-flight Breakup Over the Atlantic Ocean Trans World Airlines Flight 800, Boeing 747-141, N93119",7/17/1996,8/23/2000,Moriches,NY,40.803022,-72.8205373
117,AAR-00-02,"Crash During Landing Federal Express, Inc., McDonnell Douglas MD-11, N611FE",7/31/1997,7/25/2000,Newark,NJ,40.735657,-74.1723667
118,AAR-00-01,"Controlled Flight Into Terrain, Korean Air Flight 801, Boeing 747-300, HL7468",8/6/1997,1/13/2000,Agana,Guam,13.4501257,144.757551
119,AAR-99-01,"Uncontrolled Descent and Collision With Terrain, USAir Flight 427, Boeing 737-300, N513AU",9/8/1994,3/24/1999,Aliquippa,PA,40.6102386,-80.267726
120,AAR-98-04,"In-Flight Icing Encounter and Uncontrolled Collision with Terrain, Comair Flight 3272, Embraer EMB-120RT, N265CA",1/9/1997,11/4/1998,Monroe,MI,41.9153358,-83.5135665
121,AAR-98-03,"In-Flight Fire/Emergency Landing Federal Express Flight 1406 Douglas DC-10-10, N68055",9/5/1996,7/22/1998,Newburgh,NY,41.5034271,-74.0104179
122,AAR-98-01,"Uncontained Engine Failure Delta Air Lines Flight 1288 McDonnell Douglas MD-88, N927DA",7/6/1996,1/13/1998,Pensacola,FL,30.421309,-87.2169149
123,AAR-97-03,"Descent Below Visual Glidepath and Collision with Terrain Delta Air Lines Flight 554 McDonnell Douglas MD-88, N914DL",10/19/1996,8/25/1997,Flushing,NY,40.7654301,-73.8174291
124,AAR-97-06,"In-Flight Fire and Impact With Terrain Valujet Airlines Flight 592 DC-9-32, N904VJ",5/11/1996,8/19/1997,Miami,FL,25.7741728,-80.19362
125,AAR-98-02,"Uncontrolled Impact with Terrain Fine Airlines Flight 101 Douglas DC-8-61, N27UA",8/7/1997,8/7/1997,Miami,FL,25.7741728,-80.19362
126,AAR-97-05,"Uncontrolled Flight Into Terrain ABX Air (Airborne Express) Douglas DC-8-63, N827AX",12/22/1996,7/15/1997,Narrows,VA,40.6248003,-74.0552553
127,AAR-97-04,Runway Collision United Express Flight 5925 and Beechcraft King Air A90 Quincy Municipal Airport,11/19/1996,4/1/1997,Quincy,IL,39.9356016,-91.4098727
128,AAR-97-02,"In-Flight Loss of Control and Subsequent Collision with Terrain CESSNA 177B, N35207",4/11/1996,3/11/1997,Cheyenne,WY,41.139981,-104.820246
129,AAR-97-01,Wheels-Up Landing Continental Airlines Flight 1943 Douglas DC-9 N10556,2/19/1996,2/11/1997,Houston,TX,29.7589382,-95.3676974
130,AAR-96-07,"Ground Spoiler Activation in Flight/Hard Landing, Valujet Airlines Flight 558 Douglas DC-9-32, N922VV",1/7/1996,12/11/1996,Nashville,TN,36.1622296,-86.7743531
131,AAR-96-04,"Runway Departure During Attempted Takeoff, Tower Air Flight 41 Boeing 747-136, N605FF",12/20/1995,12/2/1996,Jamaica,NY,40.6914852,-73.8056771
132,AAR-96-06,"In-flight Loss of Propeller Blade Forced Landing, and Collision with Terrain Atlantic Southeast Airlines, Inc., Flight 529 Embraer EMB-120RT, N256AS",8/21/1995,11/26/1996,Carrollton,GA,33.5787398,-85.0980862
133,AAR-96-05,"Collision with Trees on Final Approach American Airlines Flight 1572, McDonnell Douglas MD-83, N566AA",11/12/1995,11/13/1996,East Granby,CT,41.9412081,-72.7273158
134,AAR-96-03,"Uncontained Engine Failure/Fire Valujet Airlines Flight 597 Douglas DC-9-31, N908VJ",6/8/1995,7/30/1996,Atlanta,GA,33.7489924,-84.3902644
135,AAR-96-01,"In-flight Icing Encounter and Loss of Control Simmons Airlines, d.b.a. American Eagle Flight 4184 Avions de Transport Regional (ATR) Model 72-212, N401AM",10/31/1994,7/9/1996,Roselawn,IN,53.3815011,-6.3720524
136,AAR-96-02,"Volume II: In-flight Icing Encounter and Loss of Control Simmons Airlines, American Eagle Flight 4184 Avions de Transport Regional (ATR) Model 72-212, N401AM",10/31/1994,7/9/1996,Roselawn,IN,53.3815011,-6.3720524
137,AAR-95-05,Runway Collision Involving Trans World Airlines Flight 427 and Superior Aviation Cessna 441,11/22/1994,8/30/1995,Bridgeton,MO,38.7669954,-90.4115057
138,AAR-95-06,"Uncontrolled Collision with Terrain Air Transport International Douglas DC-8-63, N782AL",2/16/1995,8/30/1995,Kansas City,MO,39.100105,-94.5781416
139,AAR-95-04,"Crash during Emergency Landing Phoenix Air Learjet 35A, N521PA",12/14/1994,8/1/1995,Fresno,CA,36.7295295,-119.7088613
140,AAR-95-03,"Flight into Terrain during Missed Approach USAir 1016, DC-9-31, N954VJ",7/2/1994,4/4/1995,Charlotte,NC,35.2272086,-80.8430827
141,AAR-95-02,"Controlled Collision with Terrain Transportes Aereos Ejecutivos, S.A. (TAESA) Learjet 25D, XA-BBA",6/18/1994,3/7/1995,Chantilly,VA,49.1923042,2.46575
142,AAR-95-01,"Runway Overrun Following Rejected Takeoff, Continental Airlines Flight 795 McDonnell Douglas MD-82, N18835",3/2/1994,2/14/1995,Flushing,NY,40.7654301,-73.8174291
143,AAR-94-08,"Impact with Blast Fence upon Landing Rollout Action Air Charters Flight 990 Piper PA-31-350, N990RA",4/27/1994,12/13/1994,Stratford,CT,-39.1509402,174.7559028
144,AAR-94-07,"Stall and Loss of Control on Final Approach, Atlantic Coast Airlines, Inc./ United Express Flight 6291 Jetstream 4101, N304UE",1/7/1994,10/6/1994,Columbus,OH,39.9622601,-83.0007065
145,AAR-94-06,"Overspeed and Loss of Power on both Engines During Descent and Power-Off Emergency Landing Simmons Airlines, Inc., d/b/a American Eagle Flight 3641, N349SB",2/1/1994,9/27/1994,New Roads,LA,30.7015741,-91.4362242
146,AAR-94-05,"Controlled Collision with Terrain Express II Airlines, Inc./ Northwest Airlink Flight 5719 Jetstream BA-3100, N334PX",12/1/1993,5/24/1994,Hibbing,MN,47.427155,-92.937689
148,AAR-94-03,"Controlled Flight into Terain Federal Aviation Administration Beech Super King Air 300/F, N82",10/26/1993,4/12/1994,Front Royal,VA,38.9178538,-78.1917718
149,AAR-94-02-SUM,"​In-Flight Loss of Control, Leading to Forced Landing and Runway Overrun, Continental Express, Inc., N24706, Embraer EMB-120 RT",4/29/1993,3/15/1994,Pine Bluff,AR,34.2157064,-92.0140402
151,AAR-94-01,"Runway Departure Following Landing American Airlines Flight 102 McDonnell Douglas DC-10, N139AA",4/14/1993,2/14/1994,Dallas/Ft Worth,TX,32.8369428,-97.0342366
152,AAR-93-08,"In-Flight Loss Of Propeller Blade And Uncontrolled Collision with Terrain Mitsubishi MU-2B-60, N86SD",4/19/1993,11/16/1993,Zwingle,IA,42.2977891,-90.6876307
153,AAR-93-06,"In-Flight Engine Separation Japan Airlines, Inc., Flight 46E Boeing 747-121, N473EV",3/31/1993,10/27/1993,Anchorage,AK,61.2163129,-149.894852
155,AAR-93-05,"Midair Collision Mitsubishi MU-2B-60, N74FB, and Piper PA-32-301, N82419",9/11/1992,9/13/1993,Greenwood,IN,44.3851183,-70.7124135
156,AAR-93-01-S,"Loss of Control, Business Express, Inc., Beechcraft 1900C, N811BE",12/28/1991,4/27/1993,Block Island,RI,50.3724655,-125.3256498
157,AAR-93-04,"Aborted Takeoff Shortly After Liftoff Trans World Airlines Flight 843 Lockheed L-1011, N11002",7/30/1992,3/31/1993,Jamaica,NY,40.6914852,-73.8056771
158,AAR9303,"Controlled Collision with Terrain GP Express Airlines, Inc., Flight 861 A Beechcraft C99, N118GP",6/8/1992,3/2/1993,Anniston,AL,33.6594422,-85.8316326
159,AAR-93-02,"Takeoff Stall in Icing Conditions USAIR Flight 405, FOKKER F-28, N485US",3/22/1992,2/17/1993,Flushing,NY,40.7654301,-73.8174291
160,AAR-93-01,"Tomy International, Inc. d/b/a Scenic Air Tours Flight 22, Beech Model E18S, N342E In-Flight Collision with Terrain",4/22/1992,2/2/1993,"Mount Kaleakala, Maui",HI,20.86774,-156.61706
161,AAR-92-05,"Air Transport International, Inc., Flight 805 Douglas DC-8-63, N794AL Loss of Control and Crash",2/15/1992,11/19/1992,"Swanton,",OH,41.5906822,-83.8931809
162,AAR-92-04,"Britt Airways, Inc., d/b/a Continental Express Flight 2574 In-Flight Structural Breakup EMB-120RT, N33701",9/11/1991,7/21/1992,Eagle Lake,TX,29.5895382,-96.331239
163,AAR92-01-SUM,"​Controlled Flight into Terrain, Bruno's Inc., Beechjet, N25BR",12/11/1991,7/8/1992,Rome,GA,43.2264623,-75.404402
164,AAR-92-03,"Atlantic Southeast Airlines, Inc. Flight 2311 Uncontrolled Collision with Terrain an Embraer EMB-120, N270AS",4/5/1991,4/28/1992,Brunswick,GA,52.3175903,10.560215
165,AAR-92-02,"Explosive Decompression - Loss of Cargo Door in Flight, United Airlines Flight 811 Boeing 747-122, N4713U",2/24/1989,3/18/1992,Honolulu,HI,21.304547,-157.8556764
166,AAR-91-08,"Runway Collision of USAIR Flight 1493, Boeing 737 and Skywest Flight 5569 Fairchild Metroliner",7/10/1991,3/3/1992,Los Angeles,CA,34.0536909,-118.242766
167,AAR-91-09,"Ryan intl Airlines DC-9-15, N565PC Loss of Control on Takeoff",2/17/1991,11/16/1991,Cleveland,OH,41.5051613,-81.6934446
168,AAR-91-06,"Unstabilized Approach and Loss of Controll NPA, Inc. dba United Express Flight 2415 British Aerospace BA-3101, N410UE",12/26/1989,11/4/1991,Pasco,WA,46.2442068,-119.10182
169,AAR-90-06,United Airlines Flight 232 McDonnell Douglas DC-10-10​,7/19/1989,11/1/1991,Sioux City,IA,42.4966815,-96.4058782
170,AAR-91-07,Fuel Farm at Stapleton International Airport,11/25/1990,10/1/1991,Denver,CO,5.3428475,-72.3959849
171,AAR-91-01-SUM,​Midair Collision involving Lycoming Air Services Piper Aerostar PA-60 and Sun Company Aviation Department Bell 412,4/4/1991,9/17/1991,Merion,PA,39.9975379,-75.2516078
172,AAR-91-05,"NW Airlines, Inc., Flights 1482 and 299 Runway Incursion and Collision",12/3/1990,6/25/1991,Romulus,MI,42.2222614,-83.3965995
173,AAR-91-03,"Runway Collision of Eastern Airlines Boeing 727, Flight 111 and EPPS Air Service",1/18/1990,5/21/1991,Atlanta,GA,33.7489924,-84.3902644
174,AAR-91-04,"Avianca, The Airline of Columbia, Boeing 707-321B, HK 2016, Fuel Exhaustion",1/25/1990,4/30/1991,Cove Neck,NY,40.8823207,-73.5059562
175,AAR-91-02,"Markair, Inc., Boeing 737-2X6C, N670MA Controlled Flight into Terrain",6/2/1990,1/23/1991,Unalakleet,AK,63.8730556,-160.7880556
176,AAR-91-01,"Grand Canyon Airlines Flight Canyon 5 DeHavilland Twin Otter, DHC-6-300, N75GC",9/27/1989,1/8/1991,Tusayan,AZ,35.9735954,-112.1265569
178,AAR-90-05,"Aloha IslandAir, Inc., Flight 1712 DeHavilland Twin Otter, DHC-6-300, N707PV",10/28/1989,9/25/1990,Halawa Point,HI,21.377454,-157.9169941
179,AAR-90-04,"USAIR Flight 105 Boeing 737-200, N283AU",9/8/1989,9/11/1990,Kansas City,MO,39.100105,-94.5781416
180,AAR-90-03,"USAIR, Inc., Boeing 737-400",9/20/1989,7/3/1990,Flushing,NY,40.7654301,-73.8174291
181,AAR-90-02,"Evergreen International Airlines McDonnell Douglas DC-9-33F, N931F",3/18/1989,4/23/1990,Saginaw,TX,32.8601275,-97.3639068
182,AAR-89-03-SUM,"South Central Air, Inc., Flight 2001, Piper pa-31-350, N496SC",12/23/1987,9/30/1989,Kenai,AK,60.5544444,-151.2583333
183,AAR-89-04,"Delta Air Lines, Inc., Boeing 727-232, N473DA",8/31/1988,9/26/1989,Dallas,TX,32.7762719,-96.7968559
184,AAR8903,"Aloha Airlines, Flight 243, Boeing 737-200, N73711",4/28/1988,6/14/1989,Maui,HI,20.8029568,-156.3106833
185,AAR-89-01-SUM,"​Buffalo Airways, Inc., Boeing 707-351C, N144SP",4/13/1987,3/31/1989,Kansas City,MO,39.100105,-94.5781416
186,AAR-89-02,"Horizon Air, Inc., DeHavilland DHC-8",4/15/1988,3/6/1989,Seattle,WA,47.6038321,-122.3300624
187,AAR-89-01,"Trans-Colorado Airlines, Inc., Flight 2286 Fairchild Metro III, SA227 AC, N68TC",1/19/1988,2/4/1989,Bayfield,CO,46.4710241,-91.1983175
189,AAR-88-11,"Ryan Air Service, Inc. Flight 103, Beech Aircraft Corporation 1900C, N401RA",11/23/1987,12/20/1988,Homer,AK,59.6440876,-151.5401477
190,AAR-88-10,"Avair Inc. Flight 3378 Fairchild Metro III, SA227 AC, N622AV",2/19/1988,12/13/1988,Cary,NC,35.7882893,-78.7812081
191,AAR-88-09,"Continental Airlines, Inc., Flight 1713 McDonnell Douglas DC-9-14, N626TX",11/15/1987,9/27/1988,Denver,CO,5.3428475,-72.3959849
192,AAR-88-08,"Fischer Bros. Aviation, Inc. dba NW Airlink, Flight 2268 Construcciones Aeronautics, S.A. (CASA) C-212-CC, N160FB",3/4/1987,9/14/1988,Romulus,MI,42.2222614,-83.3965995
193,AAR-88-07,"Executive Air Charter, Inc. dba American Eagle, Flight 5452 CASA C-212, N432CA",5/8/1987,8/2/1988,Mayaguez,PR,18.2011161,-67.1391124
194,AAR-88-06,"Air New Orleans, DBA Continental Express Flight 962, British Aerospace 3101 (Jetstream 31) N331CY",5/26/1987,5/31/1988,Kenner,LA,29.9942265,-90.2417806
195,AAR-88-05,"Northwest Airlines, Inc., McDonnell Douglas DC-9-82, N312RC",8/16/1987,5/10/1988,Romulus,MI,42.2222614,-83.3965995
196,AAR-88-04,"Joe Foster Excavating, Inc., Bell 206B, N49606",8/3/1986,5/2/1988,Alamo,CA,37.8560145,-121.9935943
197,AAR-88-02-S,"K-Airways, Beech G-18S, N74FA",4/22/1986,3/30/1988,Copperhill,TN,34.9889692,-84.3707561
198,AAR-88-03,"Midair Collision of Skywest Airlines Swearingen Metro II, N163SW and Mooney M20, N6485U",1/15/1987,3/15/1988,Kearns,UT,40.6597665,-111.9965997
199,AAR-88-02,"Midair Collison of Cessna-340A, N8716K, and North American SNJ-4N, N71SQ",5/1/1987,2/16/1988,Orlando,FL,28.5421109,-81.3790304
200,AAR-88-01,"Midair Collision of U.S. Army U-21A, Army 18061, and Sachs Electric Company Piper PA-31-350, N60SE",1/20/1987,2/3/1988,Independence,MO,39.0924792,-94.4137923
201,AAR-87-04-S,"Delta Air Lines, Lockheed L-1011-385-1, N714DA",11/13/1986,12/30/1987,Newark,NJ,40.735657,-74.1723667
202,AAR-87-09,"North Star Aviation, Inc. PA-32 RT-300, N39614 and Alameda Aero Club Cessna 172, N75584",3/31/1987,10/27/1987,Oakland,CA,37.8044557,-122.2713563
203,AAR-87-08,"Piedmont Airlines Flight 467 Boeing 737-222, N752N",10/25/1986,9/1/1987,Charlotte,NC,35.2272086,-80.8430827
204,AAR8703,"​​Aircraft Accident Report: Grand Canyon Airlines, Inc., and Helitech, Inc., Midair Collision Over Grand Canyon National Park",6/18/1986,7/24/1987,Grand Canyon,AZ,36.0965604,-112.0984941
205,AAR-87-07,"Collision of Aeronaves De Mexico, S.A. McDonnell Douglas DC-9-32, XA-JED and Piper PA-28-181, N4891F",8/31/1986,7/7/1987,Cerritos,CA,33.8644291,-118.0539323
206,AAR-87-06,"Piper PA-23-150, N2185P and Pan American World Airways Boeing 727-235, N4743",11/6/1986,6/25/1987,Tampa,FL,27.9477595,-82.458444
207,AAR-87-05,"Midair Collision of Nabisco Brands, Inc., Dassault Falcon, DA50, N784B and Air Pegasus Corp., Piper Archer, N1977H",11/10/1985,5/4/1987,Fairview,NJ,40.8126006,-73.999028
209,AAR-87-04,"Southern Air Transport Logair Flight 51, Lockheed L-382G",10/4/1986,4/9/1987,San Antonio,TX,29.4246002,-98.4951405
210,AAR-87-02,"Simmons Airlines, Flight 1746, Embraer Bandeirante, EMB-110P1, N1356P",3/13/1986,2/18/1987,Alpena,MI,45.0176181,-83.6670019
211,AAR-87-01,"Midwest Express Airlines, Inc., DC-9-14, N100ME",9/6/1985,2/3/1987,Milwaukee,WI,43.0349931,-87.922497
212,AAR-86-03-S,"United Air Carrier, Inc., Boeing 747-123, N9663",4/25/1985,12/31/1986,Detroit,MI,42.3315509,-83.0466403
213,AAR-86-06,"Bar Harbor Airlines Flight 1808 Beech BE-99, N300WP",8/25/1985,9/30/1986,Auburn,ME,44.0978509,-70.2311655
214,AAR-86-07,"Henson Airlines Flight 1517 Beech B99, N339HA",9/23/1985,9/30/1986,Grottoes,VA,38.2673517,-78.8258585
215,AAR-86-05,"Delta Air Lines, Inc., Lockheed L-1011-385-1, N726DA",8/2/1985,8/15/1986,Dallas,TX,32.7762719,-96.7968559
217,AAR-86-04,"Provincetown-Boston Airlines Flight 1039, Embraer Bandeirante, EMB-110P1, N96PB",12/6/1984,6/24/1986,Jacksonville,FL,30.3321838,-81.655651
219,AAR-86-02,"Air Canada Flight 797 McDonnell Douglas DC-9-32, C-FTLU",6/2/1983,1/31/1986,Covington,KY,39.0836224,-84.508371
223,AAR-85-08,"Vieques Air Link, Inc., Britten- Norman BN-2A-6 Islander, N589SA",8/2/1984,9/27/1985,Vieques,PR,-12.1596675,-75.2323177
224,AAR-85-07,"Midair Collision of Wings West Airlines Beech C-99 (N6399U) and Aesthtec, Inc., Rockwell Commander 112TC N112SM",8/24/1984,8/29/1985,San Luis Obispo,CA,35.3540209,-120.3757163
225,AAR-85-06,"World Airways, Inc., Flight 30H, McDonnell Douglas DC-10-30CF, N113WA",1/23/1982,7/10/1985,Boston,MA,42.3602534,-71.0582912
226,AAR-85-05,"United Airlines Flight 663, Boeing 727-222, N7647U",5/31/1984,3/21/1985,Denver,CO,5.3428475,-72.3959849
227,AAR-85-04,"Zantop International Airlines, Inc., Lockheed L-188A Electra",5/30/1984,3/19/1985,Chalkhill,PA,39.8445959,-79.6198732
228,AAR-85-01,"US Air, Inc., Flight 183 McDonnell Douglas DC9-31, N964VJ",6/13/1984,3/15/1985,Detroit,MI,42.3315509,-83.0466403
229,AAR-85-02,Air Continental Gates Learjet 23,6/4/1984,3/5/1985,Windsor Locks,CT,41.9281305,-72.643631
230,AAR-85-03,"Air Illinois Hawker Siddley, HS 748-2A, N748LL",10/11/1983,3/5/1985,Pinckneyville,IL,38.0803286,-89.3820321
231,AAR-84-15,"Scandinavian Airlines System Flight 901, McDonnell Douglas DC-10-30",2/28/1984,11/15/1984,Jamaica,NY,40.6914852,-73.8056771
232,AAR-84-14,"Western Helicopters, Inc., Bell UG-1B, N87701(Revised)",7/23/1982,10/30/1984,Valencia,CA,34.413819,-118.5610378
233,AAR-84-12,"Pilgrim Airlines, Inc., Fokker F27-100, N148PM",1/13/1984,10/16/1984,Jamaica,NY,40.6914852,-73.8056771
234,AAR-84-13,"Air Canada Flight 965, Lockheed L-1011, C-FTNJ",11/24/1983,10/16/1984,Charleston,SC,32.7876012,-79.9402728
235,AAR-84-10,"Korean Air Lines, McDonnell Douglas DC-10-30, HL7339 Southcentral Air Piper PA-31-350, N35206",12/23/1983,8/9/1984,Anchorage,AK,61.2163129,-149.894852
236,AAR-84-11,"Central Airlines Flight 27, Hughes Charter Air, Gates Learjet Model 25 N51CA",3/30/1983,8/7/1984,Newark,NJ,40.735657,-74.1723667
237,AAR-84-07,Midair Collision McDonnell Douglas F-4C/Beech D-55 Baron,1/9/1983,6/19/1984,Cherry Point,NC,39.799202,-87.7211365
238,AAR-84-08,"Flying Tigers, Inc., Flight 2468 McDonnell Douglas DC8-63, N797FT",10/25/1983,5/30/1984,Norfolk,VA,52.5636522,1.2623608
239,AAR-84-06,"Landry Aviation Lockheed Learstar L-18, N116CA",8/21/1983,5/17/1984,Silvana,WA,48.2023069,-122.2553197
240,AAR-84-05,"Las Vegas Airlines Flight 88, Piper PA-31-350",8/17/1983,5/5/1984,Grand Canyon,AZ,36.0965604,-112.0984941
241,AAR-84-04,"Eastern Airlines Inc. Lockheed L-1011, N334EA",5/5/1983,3/9/1984,Miami,FL,25.7741728,-80.19362
242,AAR-84-03,"Sierra Pacific Airlines, DeHavilland DHC-6-300, N361V",2/15/1983,3/6/1984,Hailey,ID,43.519629,-114.315325
243,AAR-84-01,"McCauley Aviation, Inc., Mitsubishi, MU-2B, N72B",3/24/1983,2/21/1984,Jeffersonville,GA,38.2770227,-85.7371604
244,AAR-83-07,"United Airlines Flight 2885, N8053U, McDonnell Douglas DC-8-54F",1/11/1983,10/31/1983,Detroit,MI,42.3315509,-83.0466403
245,AAR-83-08,"Republic Airlines, Inc., Convair 580, N844H",1/9/1983,10/18/1983,Brainerd,MN,46.3580221,-94.2008288
246,AAR-83-04,"Coin Acceptors, Inc., Cessna Model 551, Citation II, N2CA",11/18/1982,9/7/1983,Mountain View,MO,36.9953322,-91.703755
247,AAR-83-05,"A. E. Staley Manufacturing Company, Inc., Canadair Challenger CL-600, N805C",1/3/1983,9/7/1983,Hailey,ID,43.519629,-114.315325
248,AAR-83-06,"Eastern Air Lines, Inc., Boeing 727-225, N8838E (Revised)",11/12/1975,9/7/1983,Raleigh,NC,35.7803977,-78.6390989
249,AAR-83-03,"North American Rockwell Aero Commander Model 560E, N3827C and Cessna 182, N96402 Midair Collision",11/20/1982,6/28/1983,Livingston,NJ,40.7959335,-74.3148713
250,AAR-83-01,"IBEX Corporation Gates Learjet 23, N100TA",5/6/1982,4/8/1983,Savannah,GA,9.7568312,-2.4962
251,AAR-83-02,"Pan American World Airways, Inc., Clipper 759, Boeing 727-235, N4737",7/9/1982,3/21/1983,Kenner,LA,29.9942265,-90.2417806
252,AAR-82-14,"Reeve Aleutian Airways, NIHON YS-11A, N169RV",2/16/1982,11/30/1982,King Salmon,AK,58.7551615,-156.519247
253,AAR-82-16,"Gifford Aviation, Inc., DeHavilland DHC-6, N103A0",5/16/1982,11/18/1982,Hooper Bay,AK,61.5288714,-166.1071932
254,AAR-82-13,"Sun West Airlines Flight 104, Piper PA-31-350 (T-1020), N41070",12/31/1981,11/14/1982,Durango,CO,24.833333,-104.833333
255,AAR-82-12,"Ashland Properties, Inc., Cessna, 414A, N2620L",1/3/1982,10/14/1982,Ashland,VA,46.2062319,-90.6802594
256,AAR-82-11,"Empire Airlines Flight 141, Piper PA-31, N546BA",1/5/1982,9/22/1982,Ithaca,NY,42.4396039,-76.4968019
257,AAR-82-10,"Midair Collision, United States Air Force, F111-K, Building Contractors, Inc., Cessna TU-206G",2/6/1980,8/24/1982,Clovis,NM,34.405472,-103.2050709
258,AAR-82-09,"Lufkin Industries, Inc., Beechcraft Super King Air, BE-200, N456L",3/27/1980,8/14/1982,Parker,CO,4.6300698,-74.1090083
259,AAR8208,"Air Florida, Inc., Boeing 737-222, N62AF, Collision with 14th Street Bridge",1/13/1982,8/10/1982,Washington,DC,38.8950368,-77.0365427
260,AAR-82-05,"Eastern Airlines Flight 935, Lockheed L1011-384, N309EA",9/22/1981,6/1/1982,Colts Neck,NJ,40.2781731,-74.1780173
261,AAR-82-04,"Sky Train Air, Inc., Gates Learjet 24, N44CJ",10/1/1981,5/18/1982,Felt,OK,36.5644058,-102.7929938
262,AAR-82-06,"Ronson Aviation Bell 206B, N27670 and Seminole Air Charter Piper PA 34-200T, N8110R, Midair Collision",9/23/1981,5/18/1982,East Rutherford,NJ,40.833989,-74.0970865
263,AAR-82-03,"Air Florida Airlines, Inc., McDonnell Douglas, Inc., DC-10-30CF, N101TV",9/22/1981,4/6/1982,Miami,FL,25.7741728,-80.19362
264,AAR-82-07,"Pilgrim Airlines Flight 458, DeHavilland DHC-6-100, N127PM",2/21/1982,2/21/1982,Providence,RI,41.8239891,-71.4128343
265,AAR-82-02,"McDonnell Douglas Corporation, DC-9-80, N980DC",5/2/1980,2/9/1982,Edwards AFB,CA,34.889855,-117.8329682
267,AAR-81-17,"Universal Airways, Inc. Beech 65-A80/Excalibur Conversion, N100UV",7/2/1981,12/17/1981,Madisonville,TX,30.9498688,-95.9127773
268,AAR-81-18,"Air U.S. Flight 716, HP-137, N11360, and Sky's West Cessna TU-206, N4862F, Midair Collision",4/17/1981,12/17/1981,Loveland,CO,40.3977612,-105.0749801
270,AAR-81-16,"McDonnell Douglas Corporation, DC-9-80, N1002G",6/19/1980,9/15/1981,Yuma,AZ,32.665135,-114.4760316
271,AAR-81-14,Eastern Airlines Boeing 727-25 N8140N,4/8/1981,9/1/1981,Jamaica,NY,40.6914852,-73.8056771
272,AAR-81-12,"Air California Flight 336 Boeing 737-293, N468AC",2/17/1981,8/19/1981,Santa Ana,CA,33.7494951,-117.8732213
273,AAR-81-13,"Texasgulf Aviation, Inc., Lockheed Jetstar N520S",2/11/1981,8/19/1981,White Plains,NY,41.0339862,-73.7629097
274,AAR-81-11,"Cascade Airways, Inc., Beechcraft 99A, N390CA",1/20/1981,7/21/1981,Spokane,WA,47.6571934,-117.4235106
275,AAR-81-10,"Northwest Airlines 79 McDonnell Douglas DC-10-40, N143US",1/31/1981,7/7/1981,Leesburg,VA,28.810823,-81.8778582
276,AAR-81-09,"Georgia Pacific Corporation Cessna 500 Citation, N501GP",1/21/1981,6/10/1981,Bluefield,WV,37.2698395,-81.2223195
277,AAR-81-08,"Trans World Airlines, Inc., Boeing 727-31, N840TW",4/4/1979,6/9/1981,Saginaw,MI,43.4200387,-83.9490365
278,AAR-81-07,"Continental Airlines Air Micronesia, Inc., Boeing 727-92C, N18479",11/21/1980,5/27/1981,Yap,FM,9.5462683,138.1651599
279,AAR-81-06,"Kellogg Company, Avions Marcel Dassault Brequet Falcon 10, N253K",1/30/1980,5/12/1981,Chicago,IL,41.8755616,-87.6244212
281,AAR-81-04,"Eagle Commuter Airlines, Inc., Piper PA-31-350, Navajo Chieftain, N59932",3/21/1980,3/3/1981,Houston,TX,29.7589382,-95.3676974
282,AAR-81-03,"Air Cargo, Ltd., Bristol Britannia 253, Registration G-BRAC",2/16/1980,2/19/1981,Billerica,MA,42.5584264,-71.268947
283,AAR-81-01,"Air Pennslyvania 501 Piper PA-31-350, N5MS",7/25/1980,1/21/1981,Philadelphia,PA,39.9527237,-75.1635262
284,AAR-81-02,"Scenic Airlines, Inc., Cessna 404 N2683S",8/21/1980,1/21/1981,Tusayan,AZ,35.9735954,-112.1265569
285,AAR-80-14,"Air Traders International, Lockheed, 1049H, N74CA",6/22/1980,12/23/1980,Columbus,IN,39.9557661,-82.9376289
286,AAR-80-15,"Air Wisconsin, Inc., Swearingen A-226 Metro, N650S",6/12/1980,12/9/1980,Valley,NE,41.7370229,-99.5873816
287,AAR-80-12,"Gates Learjet Model 23, N886JS",5/6/1980,9/25/1980,Richmond,VA,49.1977086,-123.1912406
289,AAR-80-01,"Air New England, Inc., DeHavilland DHC-6-300, N383 EX",6/17/1979,7/3/1980,Hyannis,MA,41.651513,-70.2825918
290,AAR-80-09,"Butler Aircraft, Inc., Douglas DC-7, N45SW",9/14/1979,6/10/1980,Klamath Falls,OR,42.224867,-121.7816704
291,AAR-80-06,"Eastern Airlines, Inc., Boeing 727-25, N8139",8/22/1979,5/28/1980,Atlanta,GA,33.7489924,-84.3902644
292,AAR-80-07,"Nevada Inc., Martin 404, N40438",11/16/1979,5/28/1980,Tusayan,AZ,35.9735954,-112.1265569
293,AAR-80-08,"Comair, Inc., Piper PA 31, N6642L",10/8/1979,5/28/1980,Covington,KY,39.0836224,-84.508371
294,AAR-80-05,"Downeast Airlines, Inc., DeHavilland DHC-6-200, N68DE",5/30/1979,5/12/1980,Rockland,ME,44.1036988,-69.1075562
295,AAR-80-04,"Massey Ferguson, Inc., Gates Learjet 25D, N137GL",1/19/1979,4/29/1980,Detroit,MI,42.3315509,-83.0466403
296,AAR-80-02,"Thurman L. Munson, Cessna Citation 501, N15NY",8/2/1979,4/16/1980,Canton,OH,40.7985464,-81.3749508
297,AAR-80-03,"Puerto Rico International Airlines, Inc., (PRINAIR), DeHavilland Heron, DH-114, N575PR",7/24/1979,3/28/1980,St. Croix,VI,44.9619372,-64.0337916
298,AAR-80-13,"Air Canada, McDonnell-Douglas DC-9-32 (CF-TLU)",9/17/1979,1/30/1980,Boston,MA,42.3602534,-71.0582912
299,AAR-79-17,"American Airlines, Inc., DC-10, N110AA",5/25/1979,12/21/1979,Chicago,IL,41.8755616,-87.6244212
300,AAR-79-18,"Inlet Marine, Inc., Gates Learjet, N77RS, Century 111, Model 25C",12/4/1978,12/13/1979,Anchorage,AK,61.2163129,-149.894852
301,AAR-80-11,"Transamerica Airlines, Inc. Lockheed L-188, N859U",11/18/1979,11/18/1979,Salt Lake City,UT,40.7596198,-111.8867975
302,AAR-79-14,"New York Airways, Inc., Sikorsky, N618PA",4/18/1979,9/27/1979,Newark,NJ,40.735657,-74.1723667
303,AAR-79-15,"Champion Home Builders, Company, Gates Learjet 25B, N99HG",9/8/1977,9/20/1979,Sanford,NC,35.4798757,-79.1802994
304,AAR-79-16,"Universal Airways, Inc., Beech 70 Excaliber Conversion N777AE",3/1/1979,9/6/1979,Gulfport,MS,30.3674198,-89.0928155
305,AAR-79-12,"Allegheny Airlines, Inc., Nord 262 Mohawk/Frakes 298, N29824",2/12/1979,8/16/1979,Clarksburg,WV,39.2806451,-80.3445341
306,AAR-79-13,"Swift Aire Lines, Inc., Nord 262 N418SA",3/10/1979,8/16/1979,Marina Del Rey,CA,33.9776848,-118.4486479
307,AAR-79-11,"Near Collision of Delta Airlines, Inc., Boeing 727-200, N467DA, & Flying Tiger, Inc., Boeing 747-F, N804FT",2/15/1979,8/2/1979,Chicago,IL,41.8755616,-87.6244212
308,AAR-79-10,"Rocky Mountain Airways, Inc. DeHavilland DHC-6-300, N-24RM",2/27/1979,7/19/1979,Cheyenne,WY,41.139981,-104.820246
309,AAR-79-09,"Antilles Air Boats, Inc., Grumman G21A, N7777V",9/2/1978,6/28/1979,St. Thomas,VI,14.4801975,121.0247093
310,AAR-79-07,"United Airlines, Inc., McDonnell- Douglas, DC-8-61, N8082U",12/28/1978,6/7/1979,Portland,OR,45.5202471,-122.6741949
311,AAR-79-08,"Las Vegas Airlines, Piper PA-31-350, N44LV",8/30/1978,6/7/1979,Las Vegas,NV,36.1672559,-115.1485163
312,AAR-79-06,"Rocky Mountain Airways, Inc., DeHavilland DHC-6 Twin Otter N25RM",12/4/1978,5/3/1979,Steamboat Springs,CO,40.4848003,-106.8317359
313,AAR-79-05,"Pacific Southwest Airlines, Inc., Boeing 727-214, N533PS, an Gibbs Flight Center, Inc., Cessna 172, N7711G",9/25/1978,4/19/1979,San Diego,CA,32.7174202,-117.1627728
314,AAR-79-03,"E.S.M. Group, Inc., Cessna Citation, N51MW, North Central Airlines, Inc., DC-9-30, N957N",6/21/1978,2/22/1979,Flushing,NY,40.7654301,-73.8174291
315,AAR-79-04,"North Central Airlines, Inc., Convair 580, N4825C",7/25/1978,2/22/1979,Kalamazoo,MI,42.291707,-85.5872286
316,AAR-79-02,"Allegheny Airlines, Inc., BAC 1-11, N1550",7/9/1978,2/8/1979,Rochester,NY,43.157285,-77.615214
317,AAR-79-01,"Continental Airlines, Inc., McDonnell Douglas DC-10-10 N68045",3/1/1978,1/25/1979,Rochester,NY,43.157285,-77.615214
318,AAR-78-07,"Japan Airlines, Company, Ltd., McDonnel-Douglas DC-8-62F, JA 8054",1/13/1977,1/16/1979,"Anchorage,",AK,61.2163129,-149.894852
319,AAR-78-15,"Columbia Pacific Airlines, Beech 99, N199EA5",2/10/1978,12/21/1978,Richland,WA,46.2804298,-119.2752055
320,AAR-78-14,"Midair Collision Involving a Falcon Jet, N121GW and Cessna 150M, N6423K",5/18/1978,11/30/1978,Memphis,TN,35.1490215,-90.0516285
321,AAR-78-13,"National Airlines, Inc., Boeing 727-235, N4744NA",5/8/1978,11/9/1978,Pensacola,FL,30.421309,-87.2169149
323,AAR-78-10,"National Jet Services, Inc., Douglas DC-3, N51071",12/13/1977,8/17/1978,Evansville,IN,37.9386712,-87.518899
324,AAR-78-09,"Continental Airlines, Inc., Boeing 727-224, N32725",6/3/1977,8/1/1978,Tucson,AZ,32.2228765,-110.9748477
325,AAR-78-11,"Southern Company Services, Inc. Beech-Hawker 125-600-A, N40PC",4/28/1977,8/1/1978,McLean,VA,40.4631789,-88.8196613
326,AAR-78-08,"United Airlines, Inc., Douglas DC-8-54, N8047U",12/18/1977,7/27/1978,Kaysville,UT,41.0349847,-111.9383931
327,AAR-78-06,"Aircraft Accident Report L & J Company Convair 240, N55VM Gillsburg, Mississippi",10/20/1977,6/19/1978,Gillsburg,MS,31.0252102,-90.6552946
328,AAR-78-05,"Alaska Aeronautical Industries, Inc. DeHavilland DHC-6-200, N563MA",9/6/1977,5/4/1978,Iliamna,AK,59.7532274,-154.8230265
329,AAR-78-04,"Johnson and Johnson, Inc., Grumman Gulfstream II, N500J",9/26/1976,2/9/1978,Hot Springs,VA,34.5038393,-93.0552437
330,AAR-78-03,"Southern Airways, Inc., DC-9-31, N1335U",4/4/1977,1/26/1978,New Hope,GA,45.0347176,-93.3861037
331,AAR-78-02,"Allegheny Airlines, Inc., Douglas DC-9 N994VJ",6/23/1976,1/19/1978,Philadelphia,PA,39.9527237,-75.1635262
332,AAR-77-11,"Knob Hills Inc., Cessna-421, N99MB",1/22/1977,1/15/1978,Nogales,AZ,31.3402134,-110.9360818
333,AAR-78-01,"Commonwealth of Pennsylvania, Piper PA-31T, N631PT",2/24/1977,1/15/1978,Bressler,PA,40.2295348,-76.8199719
335,AAR-77-09,"New York Airways, Inc., Sikorski S-61 N619PA",5/16/1977,10/13/1977,New York,NY,40.7127281,-74.0060152
336,AAR-77-07,"Pan American World Airways, Inc., Boeing 707-321-B, N454PA (Revised)",1/30/1974,10/6/1977,Pago Pago,AS,-14.2754786,-170.7048298
337,AAR-77-08,"Jet Aviation, Ltd., Learjet, LR24B, N12MK",1/6/1977,10/6/1977,Palm Springs,CA,33.7721794,-116.4952977
338,AAR-77-06,"Air Manilla, Inc., Lockheed L-188A Republic of the Philippines Registry, RP-C1061",6/4/1976,9/26/1977,Guam,GU,13.4501257,144.757551
339,AAR-77-05,"Ruel Insurance Corporation Cessna 414, N8PR and USAF F4E, 67-0255",9/13/1976,9/16/1977,Brighton,FL,27.2258799,-81.0950668
340,AAR-77-04,"Rupp Automotive, Inc., Beechcraft Baron 58, N1553W",8/3/1976,6/16/1977,Chillicothe,MO,39.7948749,-93.5532779
341,AAR-77-02,"Midair Collision, Reeds Aviation, Inc., Piper PA-28R-200, N7941C and Piper PA-28-151, N8592C",7/24/1976,4/14/1977,Huntsville,MO,39.4405891,-92.5451834
342,AAR-77-03,"Air Chicago Freight Airlines, Inc., North American TB-25N, N9446Z",8/6/1976,4/14/1977,Chicago,IL,41.8755616,-87.6244212
343,AAR-76-20,"Alaska Airlines, Inc., Boeing 727-81, N124AS",4/5/1976,12/22/1976,Ketchikan,AK,55.3430696,-131.6466819
344,AAR-76-19,"Overseas National Airways, Inc., Douglas DC-10-30, N1032F",11/12/1975,12/16/1976,Jamaica,NY,40.6914852,-73.8056771
345,AAR-77-01,"American Airlines, Inc., Boeing 727-95",4/27/1976,12/16/1976,St. Thomas,VI,14.4801975,121.0247093
346,AAR-76-17,"Mercer Airlines, Inc., Douglas DC-6/YC-112A, N901MA",2/8/1976,8/18/1976,Van Nuys,CA,34.1866193,-118.4486669
347,AAR-76-18,"Near Midair Collision, Hughes Airwest Douglas DC-9, N9333, and Northwest Airlines, Inc., Douglas DC-10, N148US",4/1/1976,8/18/1976,Spokane,WA,47.6571934,-117.4235106
348,AAR-76-16,"Condor Aero Club, Inc., Cessna 172L, N43680",3/12/1976,7/7/1976,Accident,MD,39.6252008,-79.3196696
349,AAR-76-14,"Continental Airlines Inc., Boeing 727-224 N88777",8/7/1975,5/5/1976,Denver,CO,5.3428475,-72.3959849
350,AAR-76-13,"Puerto Rico International Airlines, Inc. DeHavilland DH-114, N570PR",7/11/1975,4/19/1976,San Juan,PR,-25.4206759,-49.2687429
351,AAR-76-12,"Japan Air Lines, Company, Ltd., Boeing 747-246, JA8122",12/16/1975,3/31/1976,Anchorage,AK,61.2163129,-149.894852
352,AAR-76-11,"Airlift International, Inc., McDonnell- Douglas DC-8-63F",9/20/1975,3/24/1976,Jamaica,NY,40.6914852,-73.8056771
353,AAR-76-08,"Eastern Airlines, Inc., Boeing 727-225",6/24/1975,3/12/1976,Jamaica,NY,40.6914852,-73.8056771
354,AAR-76-09,"Aerotransportes Entre Rios S.R.L. Canadair CL-44-6, LV-JSY",9/27/1975,3/10/1976,Miami,FL,25.7741728,-80.19362
355,AAR-76-10,"NAVIK Air, Inc., Piper PA23-250, N644N",5/10/1975,3/10/1976,Cleveland,OH,41.5051613,-81.6934446
356,AAR-76-05,"Jatkoe Cessna 411A, N100KC",1/12/1975,2/25/1976,Wise,VA,33.2139213,-97.6563925
357,AAR-76-06,"Ketchum Air Service, DeHavilland Beaver DHC-2, N64392",9/12/1975,2/25/1976,Kijik,AK,60.2910767,-154.2155922
358,AAR-76-07,"Campbell-Ewald Advertising Company, Rockwell Turbo Commander 690A, N847CE",9/12/1975,2/25/1976,Nemacolin,PA,39.8747881,-79.9290518
359,AAR-76-03,"Near Midair Collision, American Airlines Inc., Douglas DC-10, N124, and TWA, Inc. Lockheed-1011, N11002",11/26/1975,1/28/1976,Carleton,MI,42.0592101,-83.3907658
360,AAR-76-04,"Wolfe Industries, Inc., Beech 65A90 King Air, N57V",1/1/1975,1/28/1976,Washington,DC,38.8950368,-77.0365427
361,AAR-76-02,"Stribling-Puckett, Inc., Beechcraft Al00, N700SP",4/26/1975,1/14/1976,Washington,DC,38.8950368,-77.0365427
362,AAR-76-01,"Wein Air Alaska, Inc., Fairchild F-27B N4904",8/30/1975,1/7/1976,Gambell,AK,63.7803181,-171.7281852
363,AAR-75-17,"Puerto Rico International Airlines (PRINAR), Inc., DeHavilland DH-114 N554PR",6/24/1972,12/17/1975,Ponce,PR,18.0039949,-66.6169509
364,AAR-75-16,"Trans World Airlines, Inc. Boeing 727- 231, N54328",12/1/1974,11/26/1975,Berryville,VA,36.364792,-93.5679667
365,AAR-75-15,"Western Air Lines, Inc., Boeing 737- 200, N4527W",3/31/1975,10/30/1975,Casper,WY,42.849709,-106.3254928
366,AAR-75-13,"Northwest Airlines, Inc., Boeing 727- 251, N274US",12/1/1974,8/13/1975,Thiells,NY,41.206881,-74.0125651
367,AAR-75-14,"Golden West Airlines, Inc., DeHavilland DHC-6, N6383 and Cessnair Aviation, Inc. Cessna 150, N11421",1/9/1975,8/7/1975,Whittier,CA,33.9708782,-118.0308396
368,AAR-75-12,"Montana Power Company, Rockwell Turbo Commander 680, N40MP and USAF F-111A 77-05",11/12/1974,8/1/1975,Kingston,UT,38.208313,-112.1877018
369,AAR-75-11,"Federal Aviation Administration Douglas, DC-3C, N6",3/27/1975,6/25/1975,Dubois,PA,41.118651,-78.7622342
370,AAR-75-10,"USAF VT-29D, Serial #52-5826 and Cavalier Flyers, Inc., Cessna 150H, N50430",1/9/1975,6/18/1975,Newport News,VA,36.9775016,-76.42977
371,AAR-75-09,"Eastern Air Lines, Inc., Douglas DC-9-31, N8984E",9/11/1974,5/23/1975,Charlotte,NC,35.2272086,-80.8430827
372,AAR-75-08,"International Business Machines, Inc., Grumman G-1159, N720Q",6/24/1974,5/14/1975,Kline,SC,33.1259873,-81.3426069
374,AAR-75-05,"Saturn Airways, Inc., Lockheed L-382, N14ST",10/11/1974,1/29/1975,Springfield,IL,39.7990175,-89.6439575
375,AAR-75-06,"NJ-ANG Convair F106, SN-59-0044, and Piper PA-24-250, N6876P, Midair Collision",10/11/1974,1/29/1975,Saxis,VA,37.9240145,-75.7218743
376,AAR-75-01,"Sierra Pacific Airlines, Inc., Convair 340/440, N4819C",3/13/1974,1/20/1975,Bishop,CA,37.363679,-118.3952405
377,AAR-75-02,"National Airlines, Inc., DC-10-10, N60NA",11/3/1973,1/15/1975,Albuquerque,NM,35.0841034,-106.6509851
378,AAR-75-03,"Air East, Inc., Beechcraft 99A, N125AE",1/6/1974,1/15/1975,Johnstown,PA,40.3267407,-78.9219698
379,AAR-75-04,"Air France, Boeing 707-B-328B, FBLCA",5/13/1974,1/15/1975,O'Neill,NE,42.4576984,-98.6478553
380,AAR-74-16,"Pan American World Airways, Inc., Boeing 707-321C, N458PA",11/3/1973,12/2/1974,Boston,MA,42.3602534,-71.0582912
381,AAR-74-13,"Delta Air Lines, Inc., McDonnell Douglas, DC-9-32, N3323L",11/27/1973,11/8/1974,Chattanooga,TN,35.0457219,-85.3094883
382,AAR-74-14,"Iberia Lineas Aereas de Espana, (Iberian Airlines) McDonnell Douglas DC-10-30, EC CBN",12/17/1973,11/8/1974,Boston,MA,42.3602534,-71.0582912
383,AAR-74-12,"Eastern Air Lines, Inc., DC-9-31, N8967E",11/27/1973,11/5/1974,North Canton,OH,40.875891,-81.4023356
384,AAR-74-11,"Aircraft Pool Leasing Corporation, Lockheed Super Constellation, L-1049H, N6917C",12/15/1973,9/11/1974,Miami,FL,25.7741728,-80.19362
385,AAR-74-10,"Trans World Airlines, Inc., Boeing 707-131B, N757TW",1/16/1974,8/17/1974,Los Angeles,CA,34.0536909,-118.242766
386,AAR-74-09,"National Airlines, Inc., McDonnell Douglas DC-10-10, N60NA",7/8/1974,7/24/1974,Tampa,FL,27.9477595,-82.458444
387,AAR-74-08,"Trans World Airlines, Inc., Boeing 707-331B, N8705T",8/28/1973,7/10/1974,Los Angeles,CA,34.0536909,-118.242766
388,AAR-74-07,"Piedmont Airlines, Boeing 737, N751N",10/28/1973,5/22/1974,Greensboro,NC,36.0726355,-79.7919754
389,AAR-74-06,"World Airways, Inc., DC-8-63F, N802WA",9/8/1973,5/8/1974,King Cove,AK,58.1977778,-152.0361111
390,AAR-74-05,"Ozark Air Lines, Inc., Fairchild Hiller FH-227B, N4215",7/23/1973,4/24/1974,St. Louis,MO,38.6529545,-90.2411166
391,AAR-74-04,"Texas International Airlines, Inc., Convair 600, N94230",9/27/1973,4/11/1974,Mena,AR,34.5862171,-94.2396554
392,AAR-74-03,"Delta Air Lines, Inc., DC-9-31, N975NE",7/31/1973,3/7/1974,Boston,MA,42.3602534,-71.0582912
393,AAR-74-02,"Skyways International, Inc., Douglas DC-7C, N296",6/21/1973,2/27/1974,Miami,FL,25.7741728,-80.19362
394,AAR-74-01,"Overseas National Airways, Inc., McDonnell Douglas DC-8-63, N863F",6/20/1973,2/7/1974,Bangor,MA,44.8011821,-68.7778138
395,AAR-73-20,"Loftleidir Icelandic Airlines, Inc., Douglas DC-8-61",6/23/1973,12/15/1973,Jamaica,NY,40.6914852,-73.8056771
396,AAR-73-19,"Continental Airlines, Saberliner Model NA-265-60, N743R",4/13/1973,11/7/1973,Montrose,CA,49.0784097,-117.5928616
397,AAR-73-18,"Air Iowa, Inc.; Flight 333​",4/19/1973,10/3/1973,Davenport,IA,41.5236436,-90.5776368
398,AAR-73-17,"Eastern Air Lines, Inc., Boeing 727-225, N8843E",4/10/1973,9/27/1973,Toledo,OH,41.6529143,-83.5378173
399,AAR-73-16,"United Air Lines, Inc., B-737, N9031U",12/8/1972,8/29/1973,Chicago,IL,41.8755616,-87.6244212
400,AAR-73-15,"North Central Airlines, Inc., McDonnell Douglas DC-9-31, N954N and Delta Air Lines, Inc., Convair CV-880, N8807E",12/20/1972,7/5/1973,Chicago,IL,41.8755616,-87.6244212
401,AAR-73-14,"Eastern Air Lines, Inc., L-1011, N310EA",12/29/1972,6/14/1973,Miami,FL,25.7741728,-80.19362
402,AAR-73-12,"Michinery Buyers Corp., Learjet Model 24, N454RN",2/26/1973,5/30/1973,Atlanta,GA,33.7489924,-84.3902644
403,AAR-73-13,"Northwest Airlines, Inc., Boeing 747- 151, N602US",12/15/1972,5/30/1973,Miami,FL,25.7741728,-80.19362
404,AAR-73-11,"Trans World Airlines, Inc., Boeing 707-331C, N788TW",12/12/1972,5/2/1973,Jamaica,NY,40.6914852,-73.8056771
405,AAR-73-10,"Cessna 182, N70586",11/8/1972,4/26/1973,Duluth,MN,46.7729322,-92.1251218
406,AAR-73-09,"North Central Airlines, Inc., Allison Convair 340/440 (CV-580), N90858 and Air Wisconsin Inc., DHC-6, N4043B",6/29/1972,4/25/1973,Appleton,WI,44.2611337,-88.4067604
407,AAR-73-08,"Mohawk Airlines, Inc., Fairchild Hiller FH-227B, N7818M",3/3/1972,4/11/1973,Albany,NY,42.6511674,-73.754968
408,AAR-73-07,"Jugoslovenski Aerotransport (JAT) Boeing 707-321, YU-AGA",8/13/1972,4/4/1973,Jamaica,NY,40.6914852,-73.8056771
409,AAR-73-06,"Spectrum Air, Inc., Sabre Mark 5, N275X",9/24/1972,3/28/1973,Sacramento,CA,38.5810606,-121.4938951
410,AAR-73-05,"North American Rockwell, Inc., Turbo Commander 690, N1NR",8/14/1972,3/21/1973,Wellsburg,WV,40.2720146,-80.6095187
411,AAR-73-04,"Trans World Airlines, Inc., Boeing 707- 331C, N15712",9/13/1972,3/14/1973,San Francisco,CA,37.7790262,-122.4199061
412,AAR-73-03,"Delta Air Lines, Inc., McDonnell Douglas DC-9-14, N3305L",5/30/1972,3/13/1973,Fort Worth,TX,32.753177,-97.3327459
413,AAR-73-02,"American Airlines, Inc., McDonnell Douglas DC-10-10, N103AA",6/12/1972,2/28/1973,Windsor,ON,42.317099,-83.0353434
415,AAR-72-33,"Aero Taxi, Beech E185, N42A",6/22/1972,12/20/1972,Cleveland,OH,41.5051613,-81.6934446
416,AAR-72-34,"Puerto Rico International Airlines, (PRINAIR), Inc., DeHavilland DH-114, N554PR",6/24/1972,12/20/1972,Ponce,PR,18.0039949,-66.6169509
417,AAR-72-31,"Eastern Air Lines, Inc., DC-9-31, N8961E",5/18/1972,12/13/1972,Fort Lauderdale,FL,26.1223084,-80.1433786
418,AAR-72-32,"Ross Aviation, Inc., Beechcraft 65-B80, Queen Air, N841NS",5/19/1972,12/13/1972,Albuquerque,NM,35.0841034,-106.6509851
419,AAR-72-30,"Near Midair Collision, Northwest Airlines, Boeing 720B, N736US,and Lockheed Aircraft Corp., Convair 240, N737Z",4/26/1972,10/26/1972,Front Royal,VA,38.9178538,-78.1917718
420,AAR-72-29,"Continental Airlines, Inc., McDonnell Douglas DC-10, N68041",5/2/1972,10/18/1972,Tucson,AZ,32.2228765,-110.9748477
421,AAR-72-28,"Alaska Airlines, Inc., Boeing 727, N2969G",9/4/1971,10/13/1972,Juneau,AK,58.3019496,-134.419734
423,AAR-72-25,"Sun Valley Airlines, Inc., Beech 65B-80, N1027C",2/20/1972,8/30/1972,Fairfield,ID,43.347039,-114.793247
424,AAR-72-26,"Hughes Airwest DC-9, N9345, and U.S. Marine Corps F-4B, 151458",6/6/1971,8/30/1972,Duarte,CA,34.1394513,-117.9772873
425,AAR-72-24,"Tandy Corporation, Gates Learjet Model 25, N658TC",1/18/1972,8/9/1972,Victoria,TX,28.8026443,-96.9766308
426,AAR-72-22,"Eastern Air Lines, Inc., Boeing 727-100, N8168G, Flight 9701",12/21/1971,7/26/1972,Atlanta,GA,33.7489924,-84.3902644
428,AAR-72-21,"National Airlines, Inc., Boeing 747-135, N77722",1/4/1972,7/12/1972,Lake Charles,LA,30.2265949,-93.2173759
429,AAR-72-18,"Western Air Lines, Inc., Boeing 720- 047B, N3166",3/31/1971,6/7/1972,Ontario,CA,50.000678,-86.000977
430,AAR-72-19,"Apache Airlines, Inc., DeHavilland DH-104-7AXC, N4922V",5/6/1971,6/1/1972,Coolidge,AZ,32.977839,-111.517624
431,AAR-72-20,"Allegheny Airlines, Inc., Allison Prop Jet Convair 340/440, N5832",6/7/1971,6/1/1972,New Haven,CT,41.2984343,-72.9310234
432,AAR-72-17,"Pan American World Airways, Inc., Boeing 747, N747PA, Flight 845",7/30/1971,5/24/1972,San Francisco,CA,37.7790262,-122.4199061
433,AAR-72-16,"American Airlines, Inc., Boeing 707-323, N7595A and a Linden Flight Service, Inc., Cessna 150, N60942(REVISED).",1/9/1971,5/10/1972,Edison,NJ,40.5382375,-74.3945173
434,AAR-72-14,"Pan American World Airways, Inc., Boeing 747-121, N739PA",11/4/1970,5/3/1972,Nantucket,MA,41.3157314,-70.0090141
435,AAR-72-15,"Chicago and Southern Airlines, Inc., Beech E18S (ATECO Westwind II) N51CS",10/21/1971,4/19/1972,Peoria,IL,40.6938609,-89.5891008
436,AAR-72-11,"Southern Airways, Inc., DC-9, N97S",11/14/1970,4/14/1972,Huntington,WV,38.4192496,-82.445154
437,AAR-72-13,"Eastern Air Lines, Inc.",12/4/1971,4/5/1972,Raleigh,NC,35.7803977,-78.6390989
438,AAR-72-12,"Capitol International Airways, DC-8-63F, N4909C",11/27/1970,3/29/1972,Anchorage,AK,61.2163129,-149.894852
439,AAR-72-01,"Rocky Mountain Airways, Inc., Aero Commander 680V, N6359U",1/22/1970,12/29/1971,Aspen,CO,39.1911128,-106.8235606
440,AAR-72-02,"Aloha Airlines, Inc., Vickers Viscount Model 745D, N7415",8/8/1971,12/29/1971,Honolulu,HI,21.304547,-157.8556764
441,AAR-72-03,"Monmouth Airlines, Inc., Scheduled Air Taxi Beech 99, N986MA",10/24/1971,12/29/1971,Allentown,PA,40.6022059,-75.4712794
442,AAR-72-04,"Northeast Airlines, Inc., McDonnell Douglas DC-9-31, N982NE",6/22/1971,12/29/1971,Martha's Vineyard,MA,41.3918832,-70.6208543
443,AAR-72-05,"Continental Air Lines, Inc., Boeing 707-320C, N47330, Floyd Flying Service, Cessna 150J, N61011",8/4/1971,12/29/1971,Compton,CA,33.894927,-118.226624
444,AAR-72-06,"Downeast Airlines Scheduled Air Taxi Piper PA-31, N595DE",8/19/1971,12/29/1971,Augusta,ME,44.310545,-69.7792759
445,AAR-72-07,"Trans World Airlines, Boeing 707, N6729TW and American Airlines Boeing 707, N8432",6/11/1971,12/29/1971,Phillipsburg,PA,40.6933994,-80.2820062
446,AAR-72-08,"Trans Caribbean Airways, Inc., Boeing 727-200, N8790R",12/28/1970,12/29/1971,Charlotte Amalie,VI,18.341137,-64.932789
447,AAR-72-09,"United Air Lines, Inc., Boeing 737-222, N9005U",7/19/1970,12/29/1971,Philadelphia,PA,39.9527237,-75.1635262
448,AAR-72-10,"Flying Tiger Line, Inc., Douglas DC-8-63F, N785FT",7/27/1970,12/29/1971,Okinawa,Ryukyu Islands,26.52,128.053
449,AAR-71-15,"Delta Air Lines, Inc., Douglas DC-9-32, N3329L",9/8/1970,12/15/1971,Louisville,KY,38.2542376,-85.759407
450,AAR-71-16,"Northwest Airlines, Inc., Boeing 747-151, N607US",5/13/1971,12/15/1971,Honolulu,HI,21.304547,-157.8556764
451,AAR-72-14,"Southern Airways, Inc., Douglas DC-9-15, N92S",2/17/1971,9/1/1971,Gulfport,MS,30.3674198,-89.0928155
452,AAR-71-13,"Commuter Airlines, Inc., Beechcraft C-45 H (Infinite II), N497DM",3/22/1970,8/26/1971,Binghamton,NY,42.096968,-75.914341
453,AAR-71-12,"Trans International Airlines Corp., Ferry Flight 863, Douglas DC-8-63F, N4883T",9/8/1970,8/19/1971,Jamaica,NY,40.6914852,-73.8056771
454,AAR-71-11,"Federal Aviation Administration Douglas DC-3C, N7",1/4/1971,6/3/1971,Flushing,NY,40.7654301,-73.8174291
455,AAR-71-10,"Mississippi Valley Airways, Inc., DeHavilland DHC-6, N956SM",11/9/1970,5/5/1971,La Crosse,WI,43.8014053,-91.2395429
456,AAR-71-09,"Alitalia Airlines, McDonnell-Douglas DC-8-62, I-DIWZ",9/15/1970,4/28/1971,Jamaica,NY,40.6914852,-73.8056771
457,AAR-71-08,"Overseas National Airways, Inc., Douglas DC-9. Operating as Antilliaanse Lucht- vaart Moatschappij Flight 980",5/2/1970,3/31/1971,St. Croix,VI,44.9619372,-64.0337916
458,AAR-71-07,"American Airlines, Inc., Boeing 747-121, N743PA",9/18/1970,2/3/1971,San Francisco,CA,37.7790262,-122.4199061
459,AAR-71-01,"Pilgrim Aviation and Airlines, Inc., De Havilland Turbo Prop DHC-6, N124PM",2/10/1970,1/27/1971,Waterford,CT,52.2339469,-7.1116219
460,AAR-71-06,"Jetco Aviation, Incorporated Short Brothers and Harland, Ltd., Skyvan Series 3(SC-7), N21CK",7/2/1970,1/13/1971,Washington,DC,38.8950368,-77.0365427
462,AAR-71-04,"Martin 404, N464M",10/2/1970,12/24/1970,Silver Plume,CO,39.6960983,-105.7258386
463,AAR-71-03,"Executive Jet Aviation, Inc., Lear Jet L23A, N434EJ",5/9/1970,12/22/1970,Pellston,MI,45.552789,-84.783936
464,AAR-71-02,"Compania Ecuatoriana de Aviacion, Douglas C-54D, Republic of Ecuador, HC-AON",4/14/1970,12/16/1970,Miami,FL,25.7741728,-80.19362
465,AAR-70-28,"Texas International Airlines, Inc., Douglas DC-9, N1308T",1/11/1970,12/2/1970,Harlingen,TX,26.1908241,-97.6959794
466,AAR-70-27,"North Central Airlines, Inc., Convair 580, N2045",12/27/1968,11/12/1970,Chicago,IL,41.8755616,-87.6244212
467,AAR-70-26,"Air France, Boeing 747-128, F-BPUD",8/17/1970,10/7/1970,St. Jean,QC,45.3691908,-73.7644471
468,AAR-70-24,"Seaboard World Airlines, Inc., Douglas DC-8-63F, N8634",10/16/1969,9/30/1970,Stockton,CA,37.9577016,-121.2907796
469,AAR-70-25,"Lehigh Acres Development, Inc., Martin 404, N40412",5/30/1970,9/30/1970,Atlanta,GA,33.7489924,-84.3902644
470,AAR-70-23,"Caribbean Atlantic Airlines, Inc., Douglas DC-9-31, N938PR",8/12/1969,9/16/1970,Charlotte Amalie,VI,18.341137,-64.932789
471,AAR-70-19,"Boeing 747, N732PA",12/13/1969,9/9/1970,Renton,WA,47.4799078,-122.2034496
472,AAR-70-21,"Mack Truck, Inc., Lear Jet 23A, N1021B",11/6/1969,9/9/1970,Racine,WI,42.7260523,-87.7825242
473,AAR-70-20,"Ozark Air Lines, Inc., Douglas DC-9-15, N974Z",12/27/1968,9/2/1970,Sioux City,IA,42.4966815,-96.4058782
474,AAR-70-22,"The Pittston Company Aero Commander 1121, N236JP",10/31/1969,9/2/1970,Rural Retreat,VA,39.732612,-77.1441292
475,AAR-70-18,"Air South, Inc., Beechcraft B-99, N844NS",7/6/1969,8/26/1970,Monroe,GA,43.1172839,-77.6660812
476,AAR-70-17,"Compania Dominicana de Aviacion, Douglas DC-4, Convair ATL 98, HI-168",6/23/1969,8/12/1970,Miami,FL,25.7741728,-80.19362
477,AAR-70-16,"Wein Consolidated Airlines, Inc., Fairchild F-27B, N4905",12/2/1968,7/22/1970,Iliamna,AK,59.7532274,-154.8230265
478,AAR-70-15,"Allegheny Airlines, Inc., DC-9, N988US, and a Forth Corporation Piper PA-28, N7374J",9/9/1969,7/15/1970,Fairland,IN,39.617344,-85.87593
479,AAR-70-14,"Scandinavian Airlines System, McDonnell- Douglas DC-8-62, LN-M00",1/13/1969,7/1/1970,Santa Monica,CA,34.0194704,-118.4912273
480,AAR-70-12,"Mohawk Airlines, Inc., Fairchild Hiller FH-227B, N7811M",11/19/1969,6/25/1970,Glens Falls,NY,43.309941,-73.644447
481,AAR-70-13,"Cessna 310N, N4111Q",4/12/1969,6/25/1970,Upland,CA,34.09751,-117.6483876
482,AAR-70-11,"Japan Air Lines Company, Ltd., Convair 880, Model 22M, JA 8028, Grant County Airport",6/24/1969,6/17/1970,Moses Lake,WA,47.1301417,-119.2780771
483,AAR-70-10,"Allegheny Airlines, Inc., Allison Prop Jet Convair 440, N5825",1/6/1969,5/27/1970,Bradford,PA,41.9558963,-78.6439164
484,AAR-70-09,"Puerto Rico International Airlines, Inc., De Havilland Heron 114-2, N563PR",3/5/1969,4/24/1970,San Juan,PR,-25.4206759,-49.2687429
485,AAR-70-07,"Northeast Airlines, Inc., Fairchild Hiller FH-227C, N380NE",10/25/1968,4/1/1970,Hanover,NH,43.703622,-72.288666
486,AAR-70-08,"Trans World Airlines, Inc., Boeing 707-331C, N787TW, National Aviation Facilities Experimental Center",7/26/1969,3/25/1970,Pomona,NJ,39.4641937,-74.5452665
487,AAR-70-05,"Minerial County Airlines d.b.a. Hawthorne Nevada Airlines, DC-3, N15570",2/18/1969,2/4/1970,Lone Pine,CA,36.583176,-118.0783593
488,AAR-70-06,"United Air Lines, Inc., Boeing 727-22C, N7434U",1/18/1969,2/4/1970,Los Angeles,CA,34.0536909,-118.242766
489,AAR-70-04,"Allegheny Airlines, Inc., Convair 580",12/24/1968,1/28/1970,Bradford,PA,41.9558963,-78.6439164
490,AAR-70-03,"Douglas DC-3, N142D",3/20/1969,1/14/1970,New Orleans,LA,29.9499323,-90.0701156
491,AAR-70-01,"Los Angeles Airways, Inc., Sikorsky S-61L, N303Y",5/22/1968,12/18/1969,Paramount,CA,33.898917,-118.171005
492,AAR-69-08,"Pan American Airways, Inc., Boeing 707- 321C, N799PA",12/26/1968,11/19/1969,Anchorage,AK,61.2163129,-149.894852
493,AAR-69-05,"Trans World Airlines, Inc., Convair 880, N821TW",11/20/1967,8/27/1969,Constance,KY,39.0739485,-84.6374452
494,AAR-69-07,"Los Angeles Airways, Inc., 5-61L, Helicopter, N300Y",8/14/1968,8/27/1969,Compton,CA,33.894927,-118.226624
495,AAR-69-06,"Piedmont Airlines Fairchild-Hiller 227B, N712U",8/10/1968,8/21/1969,Charleston,WV,38.3505995,-81.6332812
496,AAR-69-04,"North Central Airlines, Inc., Convair 580, N46345, Home Airmotive, Inc., Cessna 150, N8742S, Midair Collision",8/4/1968,7/8/1969,Milwaukee,WI,43.0349931,-87.922497
497,AAR-69-02,"​Ozark Air Lines, Inc., DC-9, N970Z and Interstate Airmotive, Inc., Cessna 150F, N8669G",3/27/1968,6/30/1969,St. Louis,MO,38.6529545,-90.2411166
498,AAR-69-03,"Branifff Airways, Inc., Lockheed L-188, N9707C",5/3/1968,6/19/1969,Dawson,TX,32.7410762,-101.9576048
499,AAR-70-02,"Japan Air Lines, Co., Ltd. DC-8-62, JA 8032",11/22/1968,1/31/1969,San Francisco,CA,37.7790262,-122.4199061
500,AAR-69-01,"​United Air Lines, Inc., Boeing 727 QC, N7425U",3/21/1968,12/31/1968,Chicago,IL,41.8755616,-87.6244212
501,AAR-68-AK,"​Trans World Airlines, Inc., B-707, N742TW",11/6/1967,9/11/1968,Erlanger,KY,39.0167275,-84.6007773
502,AAR-68-AJ,"​Piedmont Aviation, Inc., Piedmont Airlines Division, Boeing 727, N68650, Lanseair Inc., Cessna 310, N3121S",7/19/1967,9/5/1968,Hendersonville,NC,35.3187279,-82.4609528
503,AAR-68-AA,"​Honeywell, Inc., Grumman G-159, N861H",7/11/1967,7/17/1968,Le Center,MN,44.3894097,-93.7302337
504,AAR-68-AI,"​Trans World Airlines, Inc., Douglas DC-9, Tann Company Beechcraft Baron B-55 In-flight Collision",3/9/1967,6/19/1968,Urbana,OH,40.1083912,-83.7524298
506,AAR-68-AG,"​Mohawk Airlines, Inc., BAC 1-11, N1116J",6/23/1967,4/18/1968,Blossburg,PA,41.6795186,-77.0638567
507,AAR-68-AF,"​Frontier Airlines, Inc., Douglas DC-3C, N65276",12/21/1967,3/20/1968,Denver,CO,5.3428475,-72.3959849
508,AAR-68-AE,"Lexington Air Taxi, Inc., Beech C-45H, N3727G​",4/3/1967,3/13/1968,Lexington,KY,38.0464066,-84.4970393
509,AAR-68-AD,"​West Coast Airlines, Inc., Fairchild F-27, N2712",3/10/1967,3/6/1968,Klamath Falls,OR,42.224867,-121.7816704
511,AAR-68-AC,"Lake Central Airlines, Inc., Allison Prop-Jet Convair 340, N73130​",3/5/1967,2/26/1968,Marseilles,OH,40.7014449,-83.3927003
512,AAR-67-AG,"​Delta Air Lines, Inc., DC-8, N802E",3/30/1967,12/20/1967,Kenner,LA,29.9942265,-90.2417806
513,AAR67AG,"Aircraft Accident Report: Delta Air Lines, INC. DC-8, N802E",3/30/1967,12/20/1967,Kenner,LA,29.9942265,-90.2417806
514,AAR-67-AE,"​Rexall Drug and Chemical Company Lear Jet 23, N235R",4/12/1966,12/19/1967,Clarendon,TX,34.9359346,-100.8905829
516,AAR-67-AB,"​Lear Jet Corporation, Lear Jet Model 23, N8041J",10/21/1965,12/11/1967,Jackson,MI,42.2416466,-84.425589
517,AAR-67-AF,"​West Coast Airlines, Inc., DC-9, N9101",10/1/1966,12/11/1967,Wemme,OR,45.34873,-121.9659137
518,AAR-67-AD,"​Japan Air Lines, Ltd., Douglas DC-8-33, JA-8006",12/25/1965,6/26/1967,San Francisco,CA,37.7790262,-122.4199061
519,AAR-67-AC,"​Paul Kelly Flying Service, Inc., Lear Jet 23, N243F",11/14/1965,6/19/1967,Palm Springs,CA,33.7721794,-116.4952977
